       Freq,     Re(Av),     Im(Av),     Re(Ai),     Im(Ai),     Re(Ap),     Im(Ap),    Re(Vin),    Im(Vin),   Re(Vout),   Im(Vout),    Re(Iin),    Im(Iin),   Re(Iout),   Im(Iout),    Re(Zin),    Im(Zin),   Re(Zout),   Im(Zout),    Re(Pin),    Im(Pin),   Re(Pout),   Im(Pout)
         Hz,           ,           ,           ,           ,         dB,         dB,          V,          V,          V,          V,          A,          A,          A,          A,       Ohms,       Ohms,       Ohms,       Ohms,          W,          W,          W,          W
  1.000e+01,  1.000e+00, -3.996e-05,  1.000e+00, -3.990e-05,        nan,        nan,        nan,        nan,        nan,        nan,        nan,        nan,        nan,        nan,  5.000e+01,  3.142e-06,  5.000e+01,  3.142e-06,        nan,        nan,        nan,        nan
  4.017e+04,  9.873e-01, -1.595e-01,  9.870e-01, -1.603e-01,        nan,        nan,        nan,        nan,        nan,        nan,        nan,        nan,        nan,        nan,  4.999e+01, -3.850e-02,  4.999e+01, -3.850e-02,        nan,        nan,        nan,        nan
  8.033e+04,  9.509e-01, -3.135e-01,  9.462e-01, -3.197e-01,        nan,        nan,        nan,        nan,        nan,        nan,        nan,        nan,        nan,        nan,  4.988e+01, -3.668e-01,  4.988e+01, -3.668e-01,        nan,        nan,        nan,        nan
  1.205e+05,  8.953e-01, -4.593e-01,  8.729e-01, -4.746e-01,        nan,        nan,        nan,        nan,        nan,        nan,        nan,        nan,        nan,        nan,  4.936e+01, -1.183e+00,  4.936e+01, -1.183e+00,        nan,        nan,        nan,        nan
  1.607e+05,  8.252e-01, -5.984e-01,  7.625e-01, -6.153e-01,        nan,        nan,        nan,        nan,        nan,        nan,        nan,        nan,        nan,        nan,  4.800e+01, -2.479e+00,  4.800e+01, -2.479e+00,        nan,        nan,        nan,        nan
  2.008e+05,  7.424e-01, -7.369e-01,  6.155e-01, -7.268e-01,        nan,        nan,        nan,        nan,        nan,        nan,        nan,        nan,        nan,        nan,  4.536e+01, -3.931e+00,  4.536e+01, -3.931e+00,        nan,        nan,        nan,        nan
  2.410e+05,  6.423e-01, -8.851e-01,  4.428e-01, -7.927e-01,        nan,        nan,        nan,        nan,        nan,        nan,        nan,        nan,        nan,        nan,  4.123e+01, -4.902e+00,  4.123e+01, -4.902e+00,        nan,        nan,        nan,        nan
  2.811e+05,  5.074e-01, -1.056e+00,  2.652e-01, -8.041e-01,        nan,        nan,        nan,        nan,        nan,        nan,        nan,        nan,        nan,        nan,  3.584e+01, -4.669e+00,  3.584e+01, -4.669e+00,        nan,        nan,        nan,        nan
  3.213e+05,  2.940e-01, -1.255e+00,  1.057e-01, -7.655e-01,        nan,        nan,        nan,        nan,        nan,        nan,        nan,        nan,        nan,        nan,  2.986e+01, -2.782e+00,  2.986e+01, -2.782e+00,        nan,        nan,        nan,        nan
  3.615e+05, -8.635e-02, -1.439e+00, -1.995e-02, -6.928e-01,        nan,        nan,        nan,        nan,        nan,        nan,        nan,        nan,        nan,        nan,  2.402e+01,  7.481e-01,  2.402e+01,  7.481e-01,        nan,        nan,        nan,        nan
  4.016e+05, -6.969e-01, -1.397e+00, -1.079e-01, -6.048e-01,        nan,        nan,        nan,        nan,        nan,        nan,        nan,        nan,        nan,        nan,  1.887e+01,  5.552e+00,  1.887e+01,  5.552e+00,        nan,        nan,        nan,        nan
  4.418e+05, -1.201e+00, -8.474e-01, -1.627e-01, -5.160e-01,        nan,        nan,        nan,        nan,        nan,        nan,        nan,        nan,        nan,        nan,  1.464e+01,  1.115e+01,  1.464e+01,  1.115e+01,        nan,        nan,        nan,        nan
  4.819e+05, -1.142e+00, -1.917e-01, -1.926e-01, -4.348e-01,        nan,        nan,        nan,        nan,        nan,        nan,        nan,        nan,        nan,        nan,  1.131e+01,  1.714e+01,  1.131e+01,  1.714e+01,        nan,        nan,        nan,        nan
  5.221e+05, -8.328e-01,  1.281e-01, -2.052e-01, -3.645e-01,        nan,        nan,        nan,        nan,        nan,        nan,        nan,        nan,        nan,        nan,  8.749e+00,  2.323e+01,  8.749e+00,  2.323e+01,        nan,        nan,        nan,        nan
  5.623e+05, -5.731e-01,  2.203e-01, -2.070e-01, -3.055e-01,        nan,        nan,        nan,        nan,        nan,        nan,        nan,        nan,        nan,        nan,  6.809e+00,  2.927e+01,  6.809e+00,  2.927e+01,        nan,        nan,        nan,        nan
  6.024e+05, -3.994e-01,  2.268e-01, -2.022e-01, -2.568e-01,        nan,        nan,        nan,        nan,        nan,        nan,        nan,        nan,        nan,        nan,  5.341e+00,  3.517e+01,  5.341e+00,  3.517e+01,        nan,        nan,        nan,        nan
  6.426e+05, -2.864e-01,  2.072e-01, -1.938e-01, -2.168e-01,        nan,        nan,        nan,        nan,        nan,        nan,        nan,        nan,        nan,        nan,  4.228e+00,  4.091e+01,  4.228e+00,  4.091e+01,        nan,        nan,        nan,        nan
  6.827e+05, -2.113e-01,  1.821e-01, -1.836e-01, -1.841e-01,        nan,        nan,        nan,        nan,        nan,        nan,        nan,        nan,        nan,        nan,  3.379e+00,  4.648e+01,  3.379e+00,  4.648e+01,        nan,        nan,        nan,        nan
  7.229e+05, -1.598e-01,  1.579e-01, -1.726e-01, -1.572e-01,        nan,        nan,        nan,        nan,        nan,        nan,        nan,        nan,        nan,        nan,  2.726e+00,  5.189e+01,  2.726e+00,  5.189e+01,        nan,        nan,        nan,        nan
  7.631e+05, -1.235e-01,  1.366e-01, -1.616e-01, -1.351e-01,        nan,        nan,        nan,        nan,        nan,        nan,        nan,        nan,        nan,        nan,  2.219e+00,  5.715e+01,  2.219e+00,  5.715e+01,        nan,        nan,        nan,        nan
  8.032e+05, -9.723e-02,  1.184e-01, -1.510e-01, -1.168e-01,        nan,        nan,        nan,        nan,        nan,        nan,        nan,        nan,        nan,        nan,  1.822e+00,  6.229e+01,  1.822e+00,  6.229e+01,        nan,        nan,        nan,        nan
  8.434e+05, -7.775e-02,  1.030e-01, -1.409e-01, -1.016e-01,        nan,        nan,        nan,        nan,        nan,        nan,        nan,        nan,        nan,        nan,  1.509e+00,  6.730e+01,  1.509e+00,  6.730e+01,        nan,        nan,        nan,        nan
  8.835e+05, -6.303e-02,  8.997e-02, -1.315e-01, -8.878e-02,        nan,        nan,        nan,        nan,        nan,        nan,        nan,        nan,        nan,        nan,  1.259e+00,  7.222e+01,  1.259e+00,  7.222e+01,        nan,        nan,        nan,        nan
  9.237e+05, -5.171e-02,  7.899e-02, -1.228e-01, -7.801e-02,        nan,        nan,        nan,        nan,        nan,        nan,        nan,        nan,        nan,        nan,  1.058e+00,  7.705e+01,  1.058e+00,  7.705e+01,        nan,        nan,        nan,        nan
  9.639e+05, -4.287e-02,  6.967e-02, -1.147e-01, -6.888e-02,        nan,        nan,        nan,        nan,        nan,        nan,        nan,        nan,        nan,        nan,  8.956e-01,  8.180e+01,  8.956e-01,  8.180e+01,        nan,        nan,        nan,        nan
  1.004e+06, -3.587e-02,  6.174e-02, -1.073e-01, -6.111e-02,        nan,        nan,        nan,        nan,        nan,        nan,        nan,        nan,        nan,        nan,  7.627e-01,  8.648e+01,  7.627e-01,  8.648e+01,        nan,        nan,        nan,        nan
  1.044e+06, -3.027e-02,  5.495e-02, -1.005e-01, -5.444e-02,        nan,        nan,        nan,        nan,        nan,        nan,        nan,        nan,        nan,        nan,  6.534e-01,  9.111e+01,  6.534e-01,  9.111e+01,        nan,        nan,        nan,        nan
  1.084e+06, -2.574e-02,  4.911e-02, -9.426e-02, -4.870e-02,        nan,        nan,        nan,        nan,        nan,        nan,        nan,        nan,        nan,        nan,  5.629e-01,  9.568e+01,  5.629e-01,  9.568e+01,        nan,        nan,        nan,        nan
  1.125e+06, -2.204e-02,  4.406e-02, -8.852e-02, -4.373e-02,        nan,        nan,        nan,        nan,        nan,        nan,        nan,        nan,        nan,        nan,  4.874e-01,  1.002e+02,  4.874e-01,  1.002e+02,        nan,        nan,        nan,        nan
  1.165e+06, -1.898e-02,  3.967e-02, -8.324e-02, -3.941e-02,        nan,        nan,        nan,        nan,        nan,        nan,        nan,        nan,        nan,        nan,  4.241e-01,  1.047e+02,  4.241e-01,  1.047e+02,        nan,        nan,        nan,        nan
  1.205e+06, -1.645e-02,  3.585e-02, -7.838e-02, -3.564e-02,        nan,        nan,        nan,        nan,        nan,        nan,        nan,        nan,        nan,        nan,  3.707e-01,  1.091e+02,  3.707e-01,  1.091e+02,        nan,        nan,        nan,        nan
  1.245e+06, -1.433e-02,  3.250e-02, -7.391e-02, -3.233e-02,        nan,        nan,        nan,        nan,        nan,        nan,        nan,        nan,        nan,        nan,  3.254e-01,  1.136e+02,  3.254e-01,  1.136e+02,        nan,        nan,        nan,        nan
  1.285e+06, -1.254e-02,  2.955e-02, -6.980e-02, -2.942e-02,        nan,        nan,        nan,        nan,        nan,        nan,        nan,        nan,        nan,        nan,  2.868e-01,  1.180e+02,  2.868e-01,  1.180e+02,        nan,        nan,        nan,        nan
  1.325e+06, -1.103e-02,  2.695e-02, -6.600e-02, -2.684e-02,        nan,        nan,        nan,        nan,        nan,        nan,        nan,        nan,        nan,        nan,  2.538e-01,  1.223e+02,  2.538e-01,  1.223e+02,        nan,        nan,        nan,        nan
  1.365e+06, -9.736e-03,  2.465e-02, -6.248e-02, -2.455e-02,        nan,        nan,        nan,        nan,        nan,        nan,        nan,        nan,        nan,        nan,  2.253e-01,  1.267e+02,  2.253e-01,  1.267e+02,        nan,        nan,        nan,        nan
  1.406e+06, -8.631e-03,  2.260e-02, -5.923e-02, -2.252e-02,        nan,        nan,        nan,        nan,        nan,        nan,        nan,        nan,        nan,        nan,  2.008e-01,  1.310e+02,  2.008e-01,  1.310e+02,        nan,        nan,        nan,        nan
  1.446e+06, -7.679e-03,  2.077e-02, -5.622e-02, -2.070e-02,        nan,        nan,        nan,        nan,        nan,        nan,        nan,        nan,        nan,        nan,  1.795e-01,  1.353e+02,  1.795e-01,  1.353e+02,        nan,        nan,        nan,        nan
  1.486e+06, -6.856e-03,  1.913e-02, -5.342e-02, -1.908e-02,        nan,        nan,        nan,        nan,        nan,        nan,        nan,        nan,        nan,        nan,  1.609e-01,  1.396e+02,  1.609e-01,  1.396e+02,        nan,        nan,        nan,        nan
  1.526e+06, -6.141e-03,  1.766e-02, -5.082e-02, -1.762e-02,        nan,        nan,        nan,        nan,        nan,        nan,        nan,        nan,        nan,        nan,  1.446e-01,  1.438e+02,  1.446e-01,  1.438e+02,        nan,        nan,        nan,        nan
  1.566e+06, -5.518e-03,  1.634e-02, -4.840e-02, -1.630e-02,        nan,        nan,        nan,        nan,        nan,        nan,        nan,        nan,        nan,        nan,  1.304e-01,  1.481e+02,  1.304e-01,  1.481e+02,        nan,        nan,        nan,        nan
  1.606e+06, -4.972e-03,  1.514e-02, -4.614e-02, -1.511e-02,        nan,        nan,        nan,        nan,        nan,        nan,        nan,        nan,        nan,        nan,  1.179e-01,  1.523e+02,  1.179e-01,  1.523e+02,        nan,        nan,        nan,        nan
  1.647e+06, -4.492e-03,  1.406e-02, -4.404e-02, -1.403e-02,        nan,        nan,        nan,        nan,        nan,        nan,        nan,        nan,        nan,        nan,  1.068e-01,  1.566e+02,  1.068e-01,  1.566e+02,        nan,        nan,        nan,        nan
  1.687e+06, -4.069e-03,  1.308e-02, -4.207e-02, -1.306e-02,        nan,        nan,        nan,        nan,        nan,        nan,        nan,        nan,        nan,        nan,  9.702e-02,  1.608e+02,  9.702e-02,  1.608e+02,        nan,        nan,        nan,        nan
  1.727e+06, -3.695e-03,  1.219e-02, -4.023e-02, -1.217e-02,        nan,        nan,        nan,        nan,        nan,        nan,        nan,        nan,        nan,        nan,  8.832e-02,  1.650e+02,  8.832e-02,  1.650e+02,        nan,        nan,        nan,        nan
  1.767e+06, -3.363e-03,  1.138e-02, -3.850e-02, -1.136e-02,        nan,        nan,        nan,        nan,        nan,        nan,        nan,        nan,        nan,        nan,  8.057e-02,  1.692e+02,  8.057e-02,  1.692e+02,        nan,        nan,        nan,        nan
  1.807e+06, -3.068e-03,  1.064e-02, -3.688e-02, -1.062e-02,        nan,        nan,        nan,        nan,        nan,        nan,        nan,        nan,        nan,        nan,  7.365e-02,  1.734e+02,  7.365e-02,  1.734e+02,        nan,        nan,        nan,        nan
  1.847e+06, -2.805e-03,  9.958e-03, -3.536e-02, -9.945e-03,        nan,        nan,        nan,        nan,        nan,        nan,        nan,        nan,        nan,        nan,  6.746e-02,  1.775e+02,  6.746e-02,  1.775e+02,        nan,        nan,        nan,        nan
  1.888e+06, -2.569e-03,  9.336e-03, -3.393e-02, -9.325e-03,        nan,        nan,        nan,        nan,        nan,        nan,        nan,        nan,        nan,        nan,  6.191e-02,  1.817e+02,  6.191e-02,  1.817e+02,        nan,        nan,        nan,        nan
  1.928e+06, -2.358e-03,  8.764e-03, -3.258e-02, -8.755e-03,        nan,        nan,        nan,        nan,        nan,        nan,        nan,        nan,        nan,        nan,  5.691e-02,  1.859e+02,  5.691e-02,  1.859e+02,        nan,        nan,        nan,        nan
  1.968e+06, -2.168e-03,  8.239e-03, -3.131e-02, -8.230e-03,        nan,        nan,        nan,        nan,        nan,        nan,        nan,        nan,        nan,        nan,  5.241e-02,  1.900e+02,  5.241e-02,  1.900e+02,        nan,        nan,        nan,        nan
  2.008e+06, -1.997e-03,  7.754e-03, -3.012e-02, -7.747e-03,        nan,        nan,        nan,        nan,        nan,        nan,        nan,        nan,        nan,        nan,  4.835e-02,  1.942e+02,  4.835e-02,  1.942e+02,        nan,        nan,        nan,        nan
  2.048e+06, -1.842e-03,  7.307e-03, -2.898e-02, -7.301e-03,        nan,        nan,        nan,        nan,        nan,        nan,        nan,        nan,        nan,        nan,  4.467e-02,  1.983e+02,  4.467e-02,  1.983e+02,        nan,        nan,        nan,        nan
  2.088e+06, -1.702e-03,  6.893e-03, -2.791e-02, -6.888e-03,        nan,        nan,        nan,        nan,        nan,        nan,        nan,        nan,        nan,        nan,  4.133e-02,  2.025e+02,  4.133e-02,  2.025e+02,        nan,        nan,        nan,        nan
  2.129e+06, -1.576e-03,  6.511e-03, -2.690e-02, -6.506e-03,        nan,        nan,        nan,        nan,        nan,        nan,        nan,        nan,        nan,        nan,  3.830e-02,  2.066e+02,  3.830e-02,  2.066e+02,        nan,        nan,        nan,        nan
  2.169e+06, -1.461e-03,  6.156e-03, -2.594e-02, -6.151e-03,        nan,        nan,        nan,        nan,        nan,        nan,        nan,        nan,        nan,        nan,  3.555e-02,  2.107e+02,  3.555e-02,  2.107e+02,        nan,        nan,        nan,        nan
  2.209e+06, -1.356e-03,  5.826e-03, -2.503e-02, -5.822e-03,        nan,        nan,        nan,        nan,        nan,        nan,        nan,        nan,        nan,        nan,  3.303e-02,  2.149e+02,  3.303e-02,  2.149e+02,        nan,        nan,        nan,        nan
  2.249e+06, -1.260e-03,  5.519e-03, -2.417e-02, -5.516e-03,        nan,        nan,        nan,        nan,        nan,        nan,        nan,        nan,        nan,        nan,  3.074e-02,  2.190e+02,  3.074e-02,  2.190e+02,        nan,        nan,        nan,        nan
  2.289e+06, -1.173e-03,  5.234e-03, -2.335e-02, -5.231e-03,        nan,        nan,        nan,        nan,        nan,        nan,        nan,        nan,        nan,        nan,  2.864e-02,  2.231e+02,  2.864e-02,  2.231e+02,        nan,        nan,        nan,        nan
  2.329e+06, -1.093e-03,  4.968e-03, -2.257e-02, -4.965e-03,        nan,        nan,        nan,        nan,        nan,        nan,        nan,        nan,        nan,        nan,  2.671e-02,  2.272e+02,  2.671e-02,  2.272e+02,        nan,        nan,        nan,        nan
  2.369e+06, -1.020e-03,  4.719e-03, -2.183e-02, -4.717e-03,        nan,        nan,        nan,        nan,        nan,        nan,        nan,        nan,        nan,        nan,  2.495e-02,  2.313e+02,  2.495e-02,  2.313e+02,        nan,        nan,        nan,        nan
  2.410e+06, -9.531e-04,  4.487e-03, -2.113e-02, -4.485e-03,        nan,        nan,        nan,        nan,        nan,        nan,        nan,        nan,        nan,        nan,  2.333e-02,  2.354e+02,  2.333e-02,  2.354e+02,        nan,        nan,        nan,        nan
  2.450e+06, -8.914e-04,  4.270e-03, -2.046e-02, -4.269e-03,        nan,        nan,        nan,        nan,        nan,        nan,        nan,        nan,        nan,        nan,  2.184e-02,  2.395e+02,  2.184e-02,  2.395e+02,        nan,        nan,        nan,        nan
  2.490e+06, -8.347e-04,  4.067e-03, -1.982e-02, -4.065e-03,        nan,        nan,        nan,        nan,        nan,        nan,        nan,        nan,        nan,        nan,  2.046e-02,  2.436e+02,  2.046e-02,  2.436e+02,        nan,        nan,        nan,        nan
  2.530e+06, -7.824e-04,  3.876e-03, -1.921e-02, -3.875e-03,        nan,        nan,        nan,        nan,        nan,        nan,        nan,        nan,        nan,        nan,  1.919e-02,  2.477e+02,  1.919e-02,  2.477e+02,        nan,        nan,        nan,        nan
  2.570e+06, -7.342e-04,  3.697e-03, -1.862e-02, -3.696e-03,        nan,        nan,        nan,        nan,        nan,        nan,        nan,        nan,        nan,        nan,  1.802e-02,  2.518e+02,  1.802e-02,  2.518e+02,        nan,        nan,        nan,        nan
  2.610e+06, -6.896e-04,  3.529e-03, -1.806e-02, -3.528e-03,        nan,        nan,        nan,        nan,        nan,        nan,        nan,        nan,        nan,        nan,  1.694e-02,  2.559e+02,  1.694e-02,  2.559e+02,        nan,        nan,        nan,        nan
  2.651e+06, -6.484e-04,  3.371e-03, -1.753e-02, -3.370e-03,        nan,        nan,        nan,        nan,        nan,        nan,        nan,        nan,        nan,        nan,  1.593e-02,  2.600e+02,  1.593e-02,  2.600e+02,        nan,        nan,        nan,        nan
  2.691e+06, -6.102e-04,  3.223e-03, -1.702e-02, -3.222e-03,        nan,        nan,        nan,        nan,        nan,        nan,        nan,        nan,        nan,        nan,  1.500e-02,  2.641e+02,  1.500e-02,  2.641e+02,        nan,        nan,        nan,        nan
  2.731e+06, -5.748e-04,  3.083e-03, -1.653e-02, -3.082e-03,        nan,        nan,        nan,        nan,        nan,        nan,        nan,        nan,        nan,        nan,  1.414e-02,  2.682e+02,  1.414e-02,  2.682e+02,        nan,        nan,        nan,        nan
  2.771e+06, -5.419e-04,  2.951e-03, -1.607e-02, -2.950e-03,        nan,        nan,        nan,        nan,        nan,        nan,        nan,        nan,        nan,        nan,  1.334e-02,  2.722e+02,  1.334e-02,  2.722e+02,        nan,        nan,        nan,        nan
  2.811e+06, -5.113e-04,  2.826e-03, -1.562e-02, -2.825e-03,        nan,        nan,        nan,        nan,        nan,        nan,        nan,        nan,        nan,        nan,  1.259e-02,  2.763e+02,  1.259e-02,  2.763e+02,        nan,        nan,        nan,        nan
  2.851e+06, -4.829e-04,  2.708e-03, -1.519e-02, -2.708e-03,        nan,        nan,        nan,        nan,        nan,        nan,        nan,        nan,        nan,        nan,  1.190e-02,  2.804e+02,  1.190e-02,  2.804e+02,        nan,        nan,        nan,        nan
  2.892e+06, -4.564e-04,  2.597e-03, -1.478e-02, -2.596e-03,        nan,        nan,        nan,        nan,        nan,        nan,        nan,        nan,        nan,        nan,  1.125e-02,  2.845e+02,  1.125e-02,  2.845e+02,        nan,        nan,        nan,        nan
  2.932e+06, -4.317e-04,  2.492e-03, -1.438e-02, -2.491e-03,        nan,        nan,        nan,        nan,        nan,        nan,        nan,        nan,        nan,        nan,  1.065e-02,  2.886e+02,  1.065e-02,  2.886e+02,        nan,        nan,        nan,        nan
  2.972e+06, -4.087e-04,  2.392e-03, -1.400e-02, -2.391e-03,        nan,        nan,        nan,        nan,        nan,        nan,        nan,        nan,        nan,        nan,  1.008e-02,  2.926e+02,  1.008e-02,  2.926e+02,        nan,        nan,        nan,        nan
  3.012e+06, -3.872e-04,  2.298e-03, -1.363e-02, -2.297e-03,        nan,        nan,        nan,        nan,        nan,        nan,        nan,        nan,        nan,        nan,  9.557e-03,  2.967e+02,  9.557e-03,  2.967e+02,        nan,        nan,        nan,        nan
  3.052e+06, -3.671e-04,  2.208e-03, -1.328e-02, -2.208e-03,        nan,        nan,        nan,        nan,        nan,        nan,        nan,        nan,        nan,        nan,  9.064e-03,  3.008e+02,  9.064e-03,  3.008e+02,        nan,        nan,        nan,        nan
  3.092e+06, -3.482e-04,  2.123e-03, -1.294e-02, -2.123e-03,        nan,        nan,        nan,        nan,        nan,        nan,        nan,        nan,        nan,        nan,  8.602e-03,  3.048e+02,  8.602e-03,  3.048e+02,        nan,        nan,        nan,        nan
  3.133e+06, -3.306e-04,  2.042e-03, -1.262e-02, -2.042e-03,        nan,        nan,        nan,        nan,        nan,        nan,        nan,        nan,        nan,        nan,  8.170e-03,  3.089e+02,  8.170e-03,  3.089e+02,        nan,        nan,        nan,        nan
  3.173e+06, -3.141e-04,  1.966e-03, -1.231e-02, -1.966e-03,        nan,        nan,        nan,        nan,        nan,        nan,        nan,        nan,        nan,        nan,  7.764e-03,  3.130e+02,  7.764e-03,  3.130e+02,        nan,        nan,        nan,        nan
  3.213e+06, -2.986e-04,  1.893e-03, -1.200e-02, -1.893e-03,        nan,        nan,        nan,        nan,        nan,        nan,        nan,        nan,        nan,        nan,  7.383e-03,  3.170e+02,  7.383e-03,  3.170e+02,        nan,        nan,        nan,        nan
  3.253e+06, -2.840e-04,  1.824e-03, -1.171e-02, -1.824e-03,        nan,        nan,        nan,        nan,        nan,        nan,        nan,        nan,        nan,        nan,  7.025e-03,  3.211e+02,  7.025e-03,  3.211e+02,        nan,        nan,        nan,        nan
  3.293e+06, -2.703e-04,  1.758e-03, -1.143e-02, -1.758e-03,        nan,        nan,        nan,        nan,        nan,        nan,        nan,        nan,        nan,        nan,  6.689e-03,  3.251e+02,  6.689e-03,  3.251e+02,        nan,        nan,        nan,        nan
  3.333e+06, -2.575e-04,  1.695e-03, -1.116e-02, -1.695e-03,        nan,        nan,        nan,        nan,        nan,        nan,        nan,        nan,        nan,        nan,  6.372e-03,  3.292e+02,  6.372e-03,  3.292e+02,        nan,        nan,        nan,        nan
  3.374e+06, -2.453e-04,  1.635e-03, -1.090e-02, -1.635e-03,        nan,        nan,        nan,        nan,        nan,        nan,        nan,        nan,        nan,        nan,  6.074e-03,  3.333e+02,  6.074e-03,  3.333e+02,        nan,        nan,        nan,        nan
  3.414e+06, -2.339e-04,  1.578e-03, -1.065e-02, -1.578e-03,        nan,        nan,        nan,        nan,        nan,        nan,        nan,        nan,        nan,        nan,  5.793e-03,  3.373e+02,  5.793e-03,  3.373e+02,        nan,        nan,        nan,        nan
  3.454e+06, -2.232e-04,  1.524e-03, -1.040e-02, -1.524e-03,        nan,        nan,        nan,        nan,        nan,        nan,        nan,        nan,        nan,        nan,  5.529e-03,  3.414e+02,  5.529e-03,  3.414e+02,        nan,        nan,        nan,        nan
  3.494e+06, -2.131e-04,  1.472e-03, -1.017e-02, -1.472e-03,        nan,        nan,        nan,        nan,        nan,        nan,        nan,        nan,        nan,        nan,  5.279e-03,  3.454e+02,  5.279e-03,  3.454e+02,        nan,        nan,        nan,        nan
  3.534e+06, -2.035e-04,  1.422e-03, -9.942e-03, -1.422e-03,        nan,        nan,        nan,        nan,        nan,        nan,        nan,        nan,        nan,        nan,  5.043e-03,  3.495e+02,  5.043e-03,  3.495e+02,        nan,        nan,        nan,        nan
  3.574e+06, -1.944e-04,  1.375e-03, -9.722e-03, -1.375e-03,        nan,        nan,        nan,        nan,        nan,        nan,        nan,        nan,        nan,        nan,  4.820e-03,  3.535e+02,  4.820e-03,  3.535e+02,        nan,        nan,        nan,        nan
  3.614e+06, -1.859e-04,  1.330e-03, -9.509e-03, -1.329e-03,        nan,        nan,        nan,        nan,        nan,        nan,        nan,        nan,        nan,        nan,  4.609e-03,  3.576e+02,  4.609e-03,  3.576e+02,        nan,        nan,        nan,        nan
  3.655e+06, -1.778e-04,  1.286e-03, -9.303e-03, -1.286e-03,        nan,        nan,        nan,        nan,        nan,        nan,        nan,        nan,        nan,        nan,  4.410e-03,  3.616e+02,  4.410e-03,  3.616e+02,        nan,        nan,        nan,        nan
  3.695e+06, -1.702e-04,  1.245e-03, -9.104e-03, -1.245e-03,        nan,        nan,        nan,        nan,        nan,        nan,        nan,        nan,        nan,        nan,  4.222e-03,  3.657e+02,  4.222e-03,  3.657e+02,        nan,        nan,        nan,        nan
  3.735e+06, -1.630e-04,  1.205e-03, -8.911e-03, -1.205e-03,        nan,        nan,        nan,        nan,        nan,        nan,        nan,        nan,        nan,        nan,  4.043e-03,  3.697e+02,  4.043e-03,  3.697e+02,        nan,        nan,        nan,        nan
  3.775e+06, -1.561e-04,  1.167e-03, -8.724e-03, -1.167e-03,        nan,        nan,        nan,        nan,        nan,        nan,        nan,        nan,        nan,        nan,  3.874e-03,  3.738e+02,  3.874e-03,  3.738e+02,        nan,        nan,        nan,        nan
  3.815e+06, -1.496e-04,  1.130e-03, -8.543e-03, -1.130e-03,        nan,        nan,        nan,        nan,        nan,        nan,        nan,        nan,        nan,        nan,  3.713e-03,  3.778e+02,  3.713e-03,  3.778e+02,        nan,        nan,        nan,        nan
  3.855e+06, -1.434e-04,  1.096e-03, -8.367e-03, -1.095e-03,        nan,        nan,        nan,        nan,        nan,        nan,        nan,        nan,        nan,        nan,  3.561e-03,  3.819e+02,  3.561e-03,  3.819e+02,        nan,        nan,        nan,        nan
  3.896e+06, -1.376e-04,  1.062e-03, -8.197e-03, -1.062e-03,        nan,        nan,        nan,        nan,        nan,        nan,        nan,        nan,        nan,        nan,  3.416e-03,  3.859e+02,  3.416e-03,  3.859e+02,        nan,        nan,        nan,        nan
  3.936e+06, -1.320e-04,  1.030e-03, -8.032e-03, -1.030e-03,        nan,        nan,        nan,        nan,        nan,        nan,        nan,        nan,        nan,        nan,  3.279e-03,  3.900e+02,  3.279e-03,  3.900e+02,        nan,        nan,        nan,        nan
  3.976e+06, -1.268e-04,  9.989e-04, -7.872e-03, -9.989e-04,        nan,        nan,        nan,        nan,        nan,        nan,        nan,        nan,        nan,        nan,  3.148e-03,  3.940e+02,  3.148e-03,  3.940e+02,        nan,        nan,        nan,        nan
  4.016e+06, -1.217e-04,  9.693e-04, -7.717e-03, -9.692e-04,        nan,        nan,        nan,        nan,        nan,        nan,        nan,        nan,        nan,        nan,  3.024e-03,  3.981e+02,  3.024e-03,  3.981e+02,        nan,        nan,        nan,        nan
  4.056e+06, -1.170e-04,  9.408e-04, -7.566e-03, -9.407e-04,        nan,        nan,        nan,        nan,        nan,        nan,        nan,        nan,        nan,        nan,  2.906e-03,  4.021e+02,  2.906e-03,  4.021e+02,        nan,        nan,        nan,        nan
  4.096e+06, -1.124e-04,  9.134e-04, -7.419e-03, -9.133e-04,        nan,        nan,        nan,        nan,        nan,        nan,        nan,        nan,        nan,        nan,  2.794e-03,  4.062e+02,  2.794e-03,  4.062e+02,        nan,        nan,        nan,        nan
  4.137e+06, -1.081e-04,  8.870e-04, -7.277e-03, -8.870e-04,        nan,        nan,        nan,        nan,        nan,        nan,        nan,        nan,        nan,        nan,  2.687e-03,  4.102e+02,  2.687e-03,  4.102e+02,        nan,        nan,        nan,        nan
  4.177e+06, -1.040e-04,  8.617e-04, -7.139e-03, -8.616e-04,        nan,        nan,        nan,        nan,        nan,        nan,        nan,        nan,        nan,        nan,  2.585e-03,  4.142e+02,  2.585e-03,  4.142e+02,        nan,        nan,        nan,        nan
  4.217e+06, -1.001e-04,  8.373e-04, -7.004e-03, -8.372e-04,        nan,        nan,        nan,        nan,        nan,        nan,        nan,        nan,        nan,        nan,  2.488e-03,  4.183e+02,  2.488e-03,  4.183e+02,        nan,        nan,        nan,        nan
  4.257e+06, -9.635e-05,  8.138e-04, -6.874e-03, -8.138e-04,        nan,        nan,        nan,        nan,        nan,        nan,        nan,        nan,        nan,        nan,  2.396e-03,  4.223e+02,  2.396e-03,  4.223e+02,        nan,        nan,        nan,        nan
  4.297e+06, -9.278e-05,  7.912e-04, -6.747e-03, -7.912e-04,        nan,        nan,        nan,        nan,        nan,        nan,        nan,        nan,        nan,        nan,  2.307e-03,  4.264e+02,  2.307e-03,  4.264e+02,        nan,        nan,        nan,        nan
  4.337e+06, -8.938e-05,  7.694e-04, -6.623e-03, -7.694e-04,        nan,        nan,        nan,        nan,        nan,        nan,        nan,        nan,        nan,        nan,  2.223e-03,  4.304e+02,  2.223e-03,  4.304e+02,        nan,        nan,        nan,        nan
  4.378e+06, -8.614e-05,  7.484e-04, -6.503e-03, -7.484e-04,        nan,        nan,        nan,        nan,        nan,        nan,        nan,        nan,        nan,        nan,  2.143e-03,  4.344e+02,  2.143e-03,  4.344e+02,        nan,        nan,        nan,        nan
  4.418e+06, -8.304e-05,  7.282e-04, -6.386e-03, -7.282e-04,        nan,        nan,        nan,        nan,        nan,        nan,        nan,        nan,        nan,        nan,  2.066e-03,  4.385e+02,  2.066e-03,  4.385e+02,        nan,        nan,        nan,        nan
  4.458e+06, -8.008e-05,  7.087e-04, -6.272e-03, -7.087e-04,        nan,        nan,        nan,        nan,        nan,        nan,        nan,        nan,        nan,        nan,  1.992e-03,  4.425e+02,  1.992e-03,  4.425e+02,        nan,        nan,        nan,        nan
  4.498e+06, -7.725e-05,  6.899e-04, -6.162e-03, -6.899e-04,        nan,        nan,        nan,        nan,        nan,        nan,        nan,        nan,        nan,        nan,  1.922e-03,  4.466e+02,  1.922e-03,  4.466e+02,        nan,        nan,        nan,        nan
  4.538e+06, -7.454e-05,  6.717e-04, -6.054e-03, -6.717e-04,        nan,        nan,        nan,        nan,        nan,        nan,        nan,        nan,        nan,        nan,  1.855e-03,  4.506e+02,  1.855e-03,  4.506e+02,        nan,        nan,        nan,        nan
  4.578e+06, -7.195e-05,  6.542e-04, -5.949e-03, -6.542e-04,        nan,        nan,        nan,        nan,        nan,        nan,        nan,        nan,        nan,        nan,  1.791e-03,  4.546e+02,  1.791e-03,  4.546e+02,        nan,        nan,        nan,        nan
  4.618e+06, -6.947e-05,  6.373e-04, -5.846e-03, -6.373e-04,        nan,        nan,        nan,        nan,        nan,        nan,        nan,        nan,        nan,        nan,  1.729e-03,  4.587e+02,  1.729e-03,  4.587e+02,        nan,        nan,        nan,        nan
  4.659e+06, -6.710e-05,  6.210e-04, -5.746e-03, -6.209e-04,        nan,        nan,        nan,        nan,        nan,        nan,        nan,        nan,        nan,        nan,  1.670e-03,  4.627e+02,  1.670e-03,  4.627e+02,        nan,        nan,        nan,        nan
  4.699e+06, -6.483e-05,  6.052e-04, -5.649e-03, -6.052e-04,        nan,        nan,        nan,        nan,        nan,        nan,        nan,        nan,        nan,        nan,  1.614e-03,  4.667e+02,  1.614e-03,  4.667e+02,        nan,        nan,        nan,        nan
  4.739e+06, -6.265e-05,  5.899e-04, -5.554e-03, -5.899e-04,        nan,        nan,        nan,        nan,        nan,        nan,        nan,        nan,        nan,        nan,  1.560e-03,  4.708e+02,  1.560e-03,  4.708e+02,        nan,        nan,        nan,        nan
  4.779e+06, -6.057e-05,  5.752e-04, -5.462e-03, -5.752e-04,        nan,        nan,        nan,        nan,        nan,        nan,        nan,        nan,        nan,        nan,  1.508e-03,  4.748e+02,  1.508e-03,  4.748e+02,        nan,        nan,        nan,        nan
  4.819e+06, -5.857e-05,  5.609e-04, -5.372e-03, -5.609e-04,        nan,        nan,        nan,        nan,        nan,        nan,        nan,        nan,        nan,        nan,  1.459e-03,  4.788e+02,  1.459e-03,  4.788e+02,        nan,        nan,        nan,        nan
  4.859e+06, -5.665e-05,  5.471e-04, -5.284e-03, -5.471e-04,        nan,        nan,        nan,        nan,        nan,        nan,        nan,        nan,        nan,        nan,  1.411e-03,  4.829e+02,  1.411e-03,  4.829e+02,        nan,        nan,        nan,        nan
  4.900e+06, -5.481e-05,  5.338e-04, -5.198e-03, -5.338e-04,        nan,        nan,        nan,        nan,        nan,        nan,        nan,        nan,        nan,        nan,  1.365e-03,  4.869e+02,  1.365e-03,  4.869e+02,        nan,        nan,        nan,        nan
  4.940e+06, -5.305e-05,  5.209e-04, -5.114e-03, -5.208e-04,        nan,        nan,        nan,        nan,        nan,        nan,        nan,        nan,        nan,        nan,  1.321e-03,  4.909e+02,  1.321e-03,  4.909e+02,        nan,        nan,        nan,        nan
  4.980e+06, -5.135e-05,  5.084e-04, -5.033e-03, -5.083e-04,        nan,        nan,        nan,        nan,        nan,        nan,        nan,        nan,        nan,        nan,  1.279e-03,  4.950e+02,  1.279e-03,  4.950e+02,        nan,        nan,        nan,        nan
  5.020e+06, -4.972e-05,  4.963e-04, -4.953e-03, -4.962e-04,        nan,        nan,        nan,        nan,        nan,        nan,        nan,        nan,        nan,        nan,  1.239e-03,  4.990e+02,  1.239e-03,  4.990e+02,        nan,        nan,        nan,        nan
  5.060e+06, -4.816e-05,  4.845e-04, -4.875e-03, -4.845e-04,        nan,        nan,        nan,        nan,        nan,        nan,        nan,        nan,        nan,        nan,  1.200e-03,  5.030e+02,  1.200e-03,  5.030e+02,        nan,        nan,        nan,        nan
  5.100e+06, -4.666e-05,  4.732e-04, -4.799e-03, -4.732e-04,        nan,        nan,        nan,        nan,        nan,        nan,        nan,        nan,        nan,        nan,  1.163e-03,  5.071e+02,  1.163e-03,  5.071e+02,        nan,        nan,        nan,        nan
  5.141e+06, -4.521e-05,  4.622e-04, -4.724e-03, -4.622e-04,        nan,        nan,        nan,        nan,        nan,        nan,        nan,        nan,        nan,        nan,  1.127e-03,  5.111e+02,  1.127e-03,  5.111e+02,        nan,        nan,        nan,        nan
  5.181e+06, -4.382e-05,  4.515e-04, -4.652e-03, -4.515e-04,        nan,        nan,        nan,        nan,        nan,        nan,        nan,        nan,        nan,        nan,  1.092e-03,  5.151e+02,  1.092e-03,  5.151e+02,        nan,        nan,        nan,        nan
  5.221e+06, -4.249e-05,  4.412e-04, -4.581e-03, -4.412e-04,        nan,        nan,        nan,        nan,        nan,        nan,        nan,        nan,        nan,        nan,  1.059e-03,  5.192e+02,  1.059e-03,  5.192e+02,        nan,        nan,        nan,        nan
  5.261e+06, -4.120e-05,  4.311e-04, -4.511e-03, -4.311e-04,        nan,        nan,        nan,        nan,        nan,        nan,        nan,        nan,        nan,        nan,  1.027e-03,  5.232e+02,  1.027e-03,  5.232e+02,        nan,        nan,        nan,        nan
  5.301e+06, -3.997e-05,  4.214e-04, -4.444e-03, -4.214e-04,        nan,        nan,        nan,        nan,        nan,        nan,        nan,        nan,        nan,        nan,  9.962e-04,  5.272e+02,  9.962e-04,  5.272e+02,        nan,        nan,        nan,        nan
  5.341e+06, -3.877e-05,  4.120e-04, -4.377e-03, -4.120e-04,        nan,        nan,        nan,        nan,        nan,        nan,        nan,        nan,        nan,        nan,  9.666e-04,  5.313e+02,  9.666e-04,  5.313e+02,        nan,        nan,        nan,        nan
  5.382e+06, -3.763e-05,  4.028e-04, -4.313e-03, -4.028e-04,        nan,        nan,        nan,        nan,        nan,        nan,        nan,        nan,        nan,        nan,  9.380e-04,  5.353e+02,  9.380e-04,  5.353e+02,        nan,        nan,        nan,        nan
  5.422e+06, -3.652e-05,  3.939e-04, -4.249e-03, -3.939e-04,        nan,        nan,        nan,        nan,        nan,        nan,        nan,        nan,        nan,        nan,  9.106e-04,  5.393e+02,  9.106e-04,  5.393e+02,        nan,        nan,        nan,        nan
  5.462e+06, -3.546e-05,  3.853e-04, -4.187e-03, -3.853e-04,        nan,        nan,        nan,        nan,        nan,        nan,        nan,        nan,        nan,        nan,  8.841e-04,  5.433e+02,  8.841e-04,  5.433e+02,        nan,        nan,        nan,        nan
  5.502e+06, -3.443e-05,  3.769e-04, -4.127e-03, -3.769e-04,        nan,        nan,        nan,        nan,        nan,        nan,        nan,        nan,        nan,        nan,  8.585e-04,  5.474e+02,  8.585e-04,  5.474e+02,        nan,        nan,        nan,        nan
  5.542e+06, -3.344e-05,  3.688e-04, -4.067e-03, -3.688e-04,        nan,        nan,        nan,        nan,        nan,        nan,        nan,        nan,        nan,        nan,  8.339e-04,  5.514e+02,  8.339e-04,  5.514e+02,        nan,        nan,        nan,        nan
  5.582e+06, -3.249e-05,  3.609e-04, -4.009e-03, -3.609e-04,        nan,        nan,        nan,        nan,        nan,        nan,        nan,        nan,        nan,        nan,  8.102e-04,  5.554e+02,  8.102e-04,  5.554e+02,        nan,        nan,        nan,        nan
  5.622e+06, -3.157e-05,  3.532e-04, -3.952e-03, -3.532e-04,        nan,        nan,        nan,        nan,        nan,        nan,        nan,        nan,        nan,        nan,  7.873e-04,  5.595e+02,  7.873e-04,  5.595e+02,        nan,        nan,        nan,        nan
  5.663e+06, -3.068e-05,  3.458e-04, -3.897e-03, -3.458e-04,        nan,        nan,        nan,        nan,        nan,        nan,        nan,        nan,        nan,        nan,  7.652e-04,  5.635e+02,  7.652e-04,  5.635e+02,        nan,        nan,        nan,        nan
  5.703e+06, -2.982e-05,  3.385e-04, -3.842e-03, -3.385e-04,        nan,        nan,        nan,        nan,        nan,        nan,        nan,        nan,        nan,        nan,  7.439e-04,  5.675e+02,  7.439e-04,  5.675e+02,        nan,        nan,        nan,        nan
  5.743e+06, -2.900e-05,  3.315e-04, -3.789e-03, -3.315e-04,        nan,        nan,        nan,        nan,        nan,        nan,        nan,        nan,        nan,        nan,  7.233e-04,  5.715e+02,  7.233e-04,  5.715e+02,        nan,        nan,        nan,        nan
  5.783e+06, -2.820e-05,  3.246e-04, -3.737e-03, -3.246e-04,        nan,        nan,        nan,        nan,        nan,        nan,        nan,        nan,        nan,        nan,  7.034e-04,  5.756e+02,  7.034e-04,  5.756e+02,        nan,        nan,        nan,        nan
  5.823e+06, -2.743e-05,  3.179e-04, -3.685e-03, -3.179e-04,        nan,        nan,        nan,        nan,        nan,        nan,        nan,        nan,        nan,        nan,  6.842e-04,  5.796e+02,  6.842e-04,  5.796e+02,        nan,        nan,        nan,        nan
  5.863e+06, -2.668e-05,  3.114e-04, -3.635e-03, -3.114e-04,        nan,        nan,        nan,        nan,        nan,        nan,        nan,        nan,        nan,        nan,  6.656e-04,  5.836e+02,  6.656e-04,  5.836e+02,        nan,        nan,        nan,        nan
  5.904e+06, -2.596e-05,  3.051e-04, -3.586e-03, -3.051e-04,        nan,        nan,        nan,        nan,        nan,        nan,        nan,        nan,        nan,        nan,  6.477e-04,  5.877e+02,  6.477e-04,  5.877e+02,        nan,        nan,        nan,        nan
  5.944e+06, -2.527e-05,  2.990e-04, -3.538e-03, -2.990e-04,        nan,        nan,        nan,        nan,        nan,        nan,        nan,        nan,        nan,        nan,  6.304e-04,  5.917e+02,  6.304e-04,  5.917e+02,        nan,        nan,        nan,        nan
  5.984e+06, -2.459e-05,  2.930e-04, -3.491e-03, -2.930e-04,        nan,        nan,        nan,        nan,        nan,        nan,        nan,        nan,        nan,        nan,  6.136e-04,  5.957e+02,  6.136e-04,  5.957e+02,        nan,        nan,        nan,        nan
  6.024e+06, -2.394e-05,  2.872e-04, -3.445e-03, -2.872e-04,        nan,        nan,        nan,        nan,        nan,        nan,        nan,        nan,        nan,        nan,  5.974e-04,  5.997e+02,  5.974e-04,  5.997e+02,        nan,        nan,        nan,        nan
  6.064e+06, -2.331e-05,  2.815e-04, -3.399e-03, -2.815e-04,        nan,        nan,        nan,        nan,        nan,        nan,        nan,        nan,        nan,        nan,  5.818e-04,  6.038e+02,  5.818e-04,  6.038e+02,        nan,        nan,        nan,        nan
  6.104e+06, -2.270e-05,  2.760e-04, -3.355e-03, -2.760e-04,        nan,        nan,        nan,        nan,        nan,        nan,        nan,        nan,        nan,        nan,  5.666e-04,  6.078e+02,  5.666e-04,  6.078e+02,        nan,        nan,        nan,        nan
  6.145e+06, -2.212e-05,  2.706e-04, -3.311e-03, -2.706e-04,        nan,        nan,        nan,        nan,        nan,        nan,        nan,        nan,        nan,        nan,  5.519e-04,  6.118e+02,  5.519e-04,  6.118e+02,        nan,        nan,        nan,        nan
  6.185e+06, -2.155e-05,  2.654e-04, -3.269e-03, -2.654e-04,        nan,        nan,        nan,        nan,        nan,        nan,        nan,        nan,        nan,        nan,  5.377e-04,  6.158e+02,  5.377e-04,  6.158e+02,        nan,        nan,        nan,        nan
  6.225e+06, -2.099e-05,  2.603e-04, -3.227e-03, -2.603e-04,        nan,        nan,        nan,        nan,        nan,        nan,        nan,        nan,        nan,        nan,  5.240e-04,  6.199e+02,  5.240e-04,  6.199e+02,        nan,        nan,        nan,        nan
  6.265e+06, -2.046e-05,  2.553e-04, -3.186e-03, -2.553e-04,        nan,        nan,        nan,        nan,        nan,        nan,        nan,        nan,        nan,        nan,  5.107e-04,  6.239e+02,  5.107e-04,  6.239e+02,        nan,        nan,        nan,        nan
  6.305e+06, -1.994e-05,  2.505e-04, -3.145e-03, -2.505e-04,        nan,        nan,        nan,        nan,        nan,        nan,        nan,        nan,        nan,        nan,  4.978e-04,  6.279e+02,  4.978e-04,  6.279e+02,        nan,        nan,        nan,        nan
  6.345e+06, -1.944e-05,  2.457e-04, -3.106e-03, -2.457e-04,        nan,        nan,        nan,        nan,        nan,        nan,        nan,        nan,        nan,        nan,  4.853e-04,  6.319e+02,  4.853e-04,  6.319e+02,        nan,        nan,        nan,        nan
  6.386e+06, -1.896e-05,  2.411e-04, -3.067e-03, -2.411e-04,        nan,        nan,        nan,        nan,        nan,        nan,        nan,        nan,        nan,        nan,  4.732e-04,  6.360e+02,  4.732e-04,  6.360e+02,        nan,        nan,        nan,        nan
  6.426e+06, -1.849e-05,  2.366e-04, -3.029e-03, -2.366e-04,        nan,        nan,        nan,        nan,        nan,        nan,        nan,        nan,        nan,        nan,  4.615e-04,  6.400e+02,  4.615e-04,  6.400e+02,        nan,        nan,        nan,        nan
  6.466e+06, -1.803e-05,  2.323e-04, -2.991e-03, -2.322e-04,        nan,        nan,        nan,        nan,        nan,        nan,        nan,        nan,        nan,        nan,  4.501e-04,  6.440e+02,  4.501e-04,  6.440e+02,        nan,        nan,        nan,        nan
  6.506e+06, -1.759e-05,  2.280e-04, -2.955e-03, -2.280e-04,        nan,        nan,        nan,        nan,        nan,        nan,        nan,        nan,        nan,        nan,  4.391e-04,  6.480e+02,  4.391e-04,  6.480e+02,        nan,        nan,        nan,        nan
  6.546e+06, -1.716e-05,  2.238e-04, -2.919e-03, -2.238e-04,        nan,        nan,        nan,        nan,        nan,        nan,        nan,        nan,        nan,        nan,  4.284e-04,  6.521e+02,  4.284e-04,  6.521e+02,        nan,        nan,        nan,        nan
  6.586e+06, -1.675e-05,  2.197e-04, -2.883e-03, -2.197e-04,        nan,        nan,        nan,        nan,        nan,        nan,        nan,        nan,        nan,        nan,  4.181e-04,  6.561e+02,  4.181e-04,  6.561e+02,        nan,        nan,        nan,        nan
  6.627e+06, -1.634e-05,  2.158e-04, -2.849e-03, -2.158e-04,        nan,        nan,        nan,        nan,        nan,        nan,        nan,        nan,        nan,        nan,  4.080e-04,  6.601e+02,  4.080e-04,  6.601e+02,        nan,        nan,        nan,        nan
  6.667e+06, -1.595e-05,  2.119e-04, -2.814e-03, -2.119e-04,        nan,        nan,        nan,        nan,        nan,        nan,        nan,        nan,        nan,        nan,  3.983e-04,  6.641e+02,  3.983e-04,  6.641e+02,        nan,        nan,        nan,        nan
  6.707e+06, -1.557e-05,  2.081e-04, -2.781e-03, -2.081e-04,        nan,        nan,        nan,        nan,        nan,        nan,        nan,        nan,        nan,        nan,  3.888e-04,  6.682e+02,  3.888e-04,  6.682e+02,        nan,        nan,        nan,        nan
  6.747e+06, -1.521e-05,  2.044e-04, -2.748e-03, -2.044e-04,        nan,        nan,        nan,        nan,        nan,        nan,        nan,        nan,        nan,        nan,  3.797e-04,  6.722e+02,  3.797e-04,  6.722e+02,        nan,        nan,        nan,        nan
  6.787e+06, -1.485e-05,  2.008e-04, -2.716e-03, -2.008e-04,        nan,        nan,        nan,        nan,        nan,        nan,        nan,        nan,        nan,        nan,  3.708e-04,  6.762e+02,  3.708e-04,  6.762e+02,        nan,        nan,        nan,        nan
  6.827e+06, -1.450e-05,  1.973e-04, -2.684e-03, -1.973e-04,        nan,        nan,        nan,        nan,        nan,        nan,        nan,        nan,        nan,        nan,  3.621e-04,  6.802e+02,  3.621e-04,  6.802e+02,        nan,        nan,        nan,        nan
  6.867e+06, -1.416e-05,  1.938e-04, -2.653e-03, -1.938e-04,        nan,        nan,        nan,        nan,        nan,        nan,        nan,        nan,        nan,        nan,  3.537e-04,  6.842e+02,  3.537e-04,  6.842e+02,        nan,        nan,        nan,        nan
  6.908e+06, -1.384e-05,  1.905e-04, -2.622e-03, -1.905e-04,        nan,        nan,        nan,        nan,        nan,        nan,        nan,        nan,        nan,        nan,  3.456e-04,  6.883e+02,  3.456e-04,  6.883e+02,        nan,        nan,        nan,        nan
  6.948e+06, -1.352e-05,  1.872e-04, -2.592e-03, -1.872e-04,        nan,        nan,        nan,        nan,        nan,        nan,        nan,        nan,        nan,        nan,  3.376e-04,  6.923e+02,  3.376e-04,  6.923e+02,        nan,        nan,        nan,        nan
  6.988e+06, -1.321e-05,  1.840e-04, -2.562e-03, -1.840e-04,        nan,        nan,        nan,        nan,        nan,        nan,        nan,        nan,        nan,        nan,  3.300e-04,  6.963e+02,  3.300e-04,  6.963e+02,        nan,        nan,        nan,        nan
  7.028e+06, -1.291e-05,  1.809e-04, -2.533e-03, -1.808e-04,        nan,        nan,        nan,        nan,        nan,        nan,        nan,        nan,        nan,        nan,  3.225e-04,  7.003e+02,  3.225e-04,  7.003e+02,        nan,        nan,        nan,        nan
  7.068e+06, -1.262e-05,  1.778e-04, -2.505e-03, -1.778e-04,        nan,        nan,        nan,        nan,        nan,        nan,        nan,        nan,        nan,        nan,  3.152e-04,  7.044e+02,  3.152e-04,  7.044e+02,        nan,        nan,        nan,        nan
  7.108e+06, -1.234e-05,  1.748e-04, -2.476e-03, -1.748e-04,        nan,        nan,        nan,        nan,        nan,        nan,        nan,        nan,        nan,        nan,  3.081e-04,  7.084e+02,  3.081e-04,  7.084e+02,        nan,        nan,        nan,        nan
  7.149e+06, -1.206e-05,  1.719e-04, -2.449e-03, -1.719e-04,        nan,        nan,        nan,        nan,        nan,        nan,        nan,        nan,        nan,        nan,  3.013e-04,  7.124e+02,  3.013e-04,  7.124e+02,        nan,        nan,        nan,        nan
  7.189e+06, -1.179e-05,  1.690e-04, -2.421e-03, -1.690e-04,        nan,        nan,        nan,        nan,        nan,        nan,        nan,        nan,        nan,        nan,  2.946e-04,  7.164e+02,  2.946e-04,  7.164e+02,        nan,        nan,        nan,        nan
  7.229e+06, -1.153e-05,  1.662e-04, -2.395e-03, -1.662e-04,        nan,        nan,        nan,        nan,        nan,        nan,        nan,        nan,        nan,        nan,  2.881e-04,  7.205e+02,  2.881e-04,  7.205e+02,        nan,        nan,        nan,        nan
  7.269e+06, -1.128e-05,  1.635e-04, -2.368e-03, -1.635e-04,        nan,        nan,        nan,        nan,        nan,        nan,        nan,        nan,        nan,        nan,  2.818e-04,  7.245e+02,  2.818e-04,  7.245e+02,        nan,        nan,        nan,        nan
  7.309e+06, -1.103e-05,  1.608e-04, -2.342e-03, -1.608e-04,        nan,        nan,        nan,        nan,        nan,        nan,        nan,        nan,        nan,        nan,  2.757e-04,  7.285e+02,  2.757e-04,  7.285e+02,        nan,        nan,        nan,        nan
  7.349e+06, -1.080e-05,  1.582e-04, -2.317e-03, -1.582e-04,        nan,        nan,        nan,        nan,        nan,        nan,        nan,        nan,        nan,        nan,  2.697e-04,  7.325e+02,  2.697e-04,  7.325e+02,        nan,        nan,        nan,        nan
  7.390e+06, -1.056e-05,  1.556e-04, -2.292e-03, -1.556e-04,        nan,        nan,        nan,        nan,        nan,        nan,        nan,        nan,        nan,        nan,  2.639e-04,  7.365e+02,  2.639e-04,  7.365e+02,        nan,        nan,        nan,        nan
  7.430e+06, -1.034e-05,  1.531e-04, -2.267e-03, -1.531e-04,        nan,        nan,        nan,        nan,        nan,        nan,        nan,        nan,        nan,        nan,  2.582e-04,  7.406e+02,  2.582e-04,  7.406e+02,        nan,        nan,        nan,        nan
  7.470e+06, -1.011e-05,  1.506e-04, -2.243e-03, -1.506e-04,        nan,        nan,        nan,        nan,        nan,        nan,        nan,        nan,        nan,        nan,  2.527e-04,  7.446e+02,  2.527e-04,  7.446e+02,        nan,        nan,        nan,        nan
  7.510e+06, -9.900e-06,  1.482e-04, -2.219e-03, -1.482e-04,        nan,        nan,        nan,        nan,        nan,        nan,        nan,        nan,        nan,        nan,  2.473e-04,  7.486e+02,  2.473e-04,  7.486e+02,        nan,        nan,        nan,        nan
  7.550e+06, -9.691e-06,  1.459e-04, -2.196e-03, -1.459e-04,        nan,        nan,        nan,        nan,        nan,        nan,        nan,        nan,        nan,        nan,  2.421e-04,  7.526e+02,  2.421e-04,  7.526e+02,        nan,        nan,        nan,        nan
  7.590e+06, -9.487e-06,  1.436e-04, -2.173e-03, -1.436e-04,        nan,        nan,        nan,        nan,        nan,        nan,        nan,        nan,        nan,        nan,  2.370e-04,  7.566e+02,  2.370e-04,  7.566e+02,        nan,        nan,        nan,        nan
  7.631e+06, -9.289e-06,  1.413e-04, -2.150e-03, -1.413e-04,        nan,        nan,        nan,        nan,        nan,        nan,        nan,        nan,        nan,        nan,  2.321e-04,  7.607e+02,  2.321e-04,  7.607e+02,        nan,        nan,        nan,        nan
  7.671e+06, -9.095e-06,  1.391e-04, -2.127e-03, -1.391e-04,        nan,        nan,        nan,        nan,        nan,        nan,        nan,        nan,        nan,        nan,  2.273e-04,  7.647e+02,  2.273e-04,  7.647e+02,        nan,        nan,        nan,        nan
  7.711e+06, -8.907e-06,  1.369e-04, -2.105e-03, -1.369e-04,        nan,        nan,        nan,        nan,        nan,        nan,        nan,        nan,        nan,        nan,  2.226e-04,  7.687e+02,  2.226e-04,  7.687e+02,        nan,        nan,        nan,        nan
  7.751e+06, -8.724e-06,  1.348e-04, -2.084e-03, -1.348e-04,        nan,        nan,        nan,        nan,        nan,        nan,        nan,        nan,        nan,        nan,  2.180e-04,  7.727e+02,  2.180e-04,  7.727e+02,        nan,        nan,        nan,        nan
  7.791e+06, -8.545e-06,  1.327e-04, -2.062e-03, -1.327e-04,        nan,        nan,        nan,        nan,        nan,        nan,        nan,        nan,        nan,        nan,  2.135e-04,  7.767e+02,  2.135e-04,  7.767e+02,        nan,        nan,        nan,        nan
  7.831e+06, -8.371e-06,  1.307e-04, -2.041e-03, -1.307e-04,        nan,        nan,        nan,        nan,        nan,        nan,        nan,        nan,        nan,        nan,  2.092e-04,  7.808e+02,  2.092e-04,  7.808e+02,        nan,        nan,        nan,        nan
  7.871e+06, -8.201e-06,  1.287e-04, -2.020e-03, -1.287e-04,        nan,        nan,        nan,        nan,        nan,        nan,        nan,        nan,        nan,        nan,  2.049e-04,  7.848e+02,  2.049e-04,  7.848e+02,        nan,        nan,        nan,        nan
  7.912e+06, -8.036e-06,  1.268e-04, -2.000e-03, -1.268e-04,        nan,        nan,        nan,        nan,        nan,        nan,        nan,        nan,        nan,        nan,  2.008e-04,  7.888e+02,  2.008e-04,  7.888e+02,        nan,        nan,        nan,        nan
  7.952e+06, -7.875e-06,  1.249e-04, -1.980e-03, -1.249e-04,        nan,        nan,        nan,        nan,        nan,        nan,        nan,        nan,        nan,        nan,  1.968e-04,  7.928e+02,  1.968e-04,  7.928e+02,        nan,        nan,        nan,        nan
  7.992e+06, -7.717e-06,  1.230e-04, -1.960e-03, -1.230e-04,        nan,        nan,        nan,        nan,        nan,        nan,        nan,        nan,        nan,        nan,  1.929e-04,  7.968e+02,  1.929e-04,  7.968e+02,        nan,        nan,        nan,        nan
  8.032e+06, -7.564e-06,  1.212e-04, -1.941e-03, -1.212e-04,        nan,        nan,        nan,        nan,        nan,        nan,        nan,        nan,        nan,        nan,  1.890e-04,  8.009e+02,  1.890e-04,  8.009e+02,        nan,        nan,        nan,        nan
  8.072e+06, -7.414e-06,  1.194e-04, -1.921e-03, -1.194e-04,        nan,        nan,        nan,        nan,        nan,        nan,        nan,        nan,        nan,        nan,  1.853e-04,  8.049e+02,  1.853e-04,  8.049e+02,        nan,        nan,        nan,        nan
  8.112e+06, -7.269e-06,  1.176e-04, -1.902e-03, -1.176e-04,        nan,        nan,        nan,        nan,        nan,        nan,        nan,        nan,        nan,        nan,  1.817e-04,  8.089e+02,  1.817e-04,  8.089e+02,        nan,        nan,        nan,        nan
  8.153e+06, -7.126e-06,  1.159e-04, -1.884e-03, -1.159e-04,        nan,        nan,        nan,        nan,        nan,        nan,        nan,        nan,        nan,        nan,  1.781e-04,  8.129e+02,  1.781e-04,  8.129e+02,        nan,        nan,        nan,        nan
  8.193e+06, -6.987e-06,  1.142e-04, -1.865e-03, -1.142e-04,        nan,        nan,        nan,        nan,        nan,        nan,        nan,        nan,        nan,        nan,  1.746e-04,  8.169e+02,  1.746e-04,  8.169e+02,        nan,        nan,        nan,        nan
  8.233e+06, -6.852e-06,  1.125e-04, -1.847e-03, -1.125e-04,        nan,        nan,        nan,        nan,        nan,        nan,        nan,        nan,        nan,        nan,  1.713e-04,  8.210e+02,  1.713e-04,  8.210e+02,        nan,        nan,        nan,        nan
  8.273e+06, -6.720e-06,  1.109e-04, -1.829e-03, -1.109e-04,        nan,        nan,        nan,        nan,        nan,        nan,        nan,        nan,        nan,        nan,  1.679e-04,  8.250e+02,  1.679e-04,  8.250e+02,        nan,        nan,        nan,        nan
  8.313e+06, -6.591e-06,  1.093e-04, -1.812e-03, -1.093e-04,        nan,        nan,        nan,        nan,        nan,        nan,        nan,        nan,        nan,        nan,  1.647e-04,  8.290e+02,  1.647e-04,  8.290e+02,        nan,        nan,        nan,        nan
  8.353e+06, -6.465e-06,  1.077e-04, -1.794e-03, -1.077e-04,        nan,        nan,        nan,        nan,        nan,        nan,        nan,        nan,        nan,        nan,  1.616e-04,  8.330e+02,  1.616e-04,  8.330e+02,        nan,        nan,        nan,        nan
  8.394e+06, -6.342e-06,  1.062e-04, -1.777e-03, -1.062e-04,        nan,        nan,        nan,        nan,        nan,        nan,        nan,        nan,        nan,        nan,  1.585e-04,  8.370e+02,  1.585e-04,  8.370e+02,        nan,        nan,        nan,        nan
  8.434e+06, -6.222e-06,  1.047e-04, -1.760e-03, -1.047e-04,        nan,        nan,        nan,        nan,        nan,        nan,        nan,        nan,        nan,        nan,  1.555e-04,  8.411e+02,  1.555e-04,  8.411e+02,        nan,        nan,        nan,        nan
  8.474e+06, -6.105e-06,  1.032e-04, -1.744e-03, -1.032e-04,        nan,        nan,        nan,        nan,        nan,        nan,        nan,        nan,        nan,        nan,  1.526e-04,  8.451e+02,  1.526e-04,  8.451e+02,        nan,        nan,        nan,        nan
  8.514e+06, -5.990e-06,  1.017e-04, -1.727e-03, -1.017e-04,        nan,        nan,        nan,        nan,        nan,        nan,        nan,        nan,        nan,        nan,  1.497e-04,  8.491e+02,  1.497e-04,  8.491e+02,        nan,        nan,        nan,        nan
  8.554e+06, -5.878e-06,  1.003e-04, -1.711e-03, -1.003e-04,        nan,        nan,        nan,        nan,        nan,        nan,        nan,        nan,        nan,        nan,  1.469e-04,  8.531e+02,  1.469e-04,  8.531e+02,        nan,        nan,        nan,        nan
  8.594e+06, -5.769e-06,  9.890e-05, -1.695e-03, -9.890e-05,        nan,        nan,        nan,        nan,        nan,        nan,        nan,        nan,        nan,        nan,  1.442e-04,  8.571e+02,  1.442e-04,  8.571e+02,        nan,        nan,        nan,        nan
  8.635e+06, -5.662e-06,  9.753e-05, -1.680e-03, -9.752e-05,        nan,        nan,        nan,        nan,        nan,        nan,        nan,        nan,        nan,        nan,  1.415e-04,  8.612e+02,  1.415e-04,  8.612e+02,        nan,        nan,        nan,        nan
  8.675e+06, -5.558e-06,  9.618e-05, -1.664e-03, -9.618e-05,        nan,        nan,        nan,        nan,        nan,        nan,        nan,        nan,        nan,        nan,  1.389e-04,  8.652e+02,  1.389e-04,  8.652e+02,        nan,        nan,        nan,        nan
  8.715e+06, -5.456e-06,  9.485e-05, -1.649e-03, -9.485e-05,        nan,        nan,        nan,        nan,        nan,        nan,        nan,        nan,        nan,        nan,  1.364e-04,  8.692e+02,  1.364e-04,  8.692e+02,        nan,        nan,        nan,        nan
  8.755e+06, -5.357e-06,  9.355e-05, -1.634e-03, -9.355e-05,        nan,        nan,        nan,        nan,        nan,        nan,        nan,        nan,        nan,        nan,  1.339e-04,  8.732e+02,  1.339e-04,  8.732e+02,        nan,        nan,        nan,        nan
  8.795e+06, -5.260e-06,  9.228e-05, -1.619e-03, -9.228e-05,        nan,        nan,        nan,        nan,        nan,        nan,        nan,        nan,        nan,        nan,  1.315e-04,  8.772e+02,  1.315e-04,  8.772e+02,        nan,        nan,        nan,        nan
  8.835e+06, -5.165e-06,  9.103e-05, -1.604e-03, -9.103e-05,        nan,        nan,        nan,        nan,        nan,        nan,        nan,        nan,        nan,        nan,  1.291e-04,  8.813e+02,  1.291e-04,  8.813e+02,        nan,        nan,        nan,        nan
  8.876e+06, -5.072e-06,  8.980e-05, -1.590e-03, -8.980e-05,        nan,        nan,        nan,        nan,        nan,        nan,        nan,        nan,        nan,        nan,  1.268e-04,  8.853e+02,  1.268e-04,  8.853e+02,        nan,        nan,        nan,        nan
  8.916e+06, -4.981e-06,  8.859e-05, -1.576e-03, -8.859e-05,        nan,        nan,        nan,        nan,        nan,        nan,        nan,        nan,        nan,        nan,  1.245e-04,  8.893e+02,  1.245e-04,  8.893e+02,        nan,        nan,        nan,        nan
  8.956e+06, -4.892e-06,  8.740e-05, -1.562e-03, -8.740e-05,        nan,        nan,        nan,        nan,        nan,        nan,        nan,        nan,        nan,        nan,  1.223e-04,  8.933e+02,  1.223e-04,  8.933e+02,        nan,        nan,        nan,        nan
  8.996e+06, -4.805e-06,  8.624e-05, -1.548e-03, -8.624e-05,        nan,        nan,        nan,        nan,        nan,        nan,        nan,        nan,        nan,        nan,  1.201e-04,  8.973e+02,  1.201e-04,  8.973e+02,        nan,        nan,        nan,        nan
  9.036e+06, -4.720e-06,  8.509e-05, -1.534e-03, -8.509e-05,        nan,        nan,        nan,        nan,        nan,        nan,        nan,        nan,        nan,        nan,  1.180e-04,  9.013e+02,  1.180e-04,  9.013e+02,        nan,        nan,        nan,        nan
  9.076e+06, -4.637e-06,  8.397e-05, -1.520e-03, -8.397e-05,        nan,        nan,        nan,        nan,        nan,        nan,        nan,        nan,        nan,        nan,  1.159e-04,  9.054e+02,  1.159e-04,  9.054e+02,        nan,        nan,        nan,        nan
  9.116e+06, -4.556e-06,  8.286e-05, -1.507e-03, -8.286e-05,        nan,        nan,        nan,        nan,        nan,        nan,        nan,        nan,        nan,        nan,  1.139e-04,  9.094e+02,  1.139e-04,  9.094e+02,        nan,        nan,        nan,        nan
  9.157e+06, -4.476e-06,  8.178e-05, -1.494e-03, -8.178e-05,        nan,        nan,        nan,        nan,        nan,        nan,        nan,        nan,        nan,        nan,  1.119e-04,  9.134e+02,  1.119e-04,  9.134e+02,        nan,        nan,        nan,        nan
  9.197e+06, -4.399e-06,  8.071e-05, -1.481e-03, -8.071e-05,        nan,        nan,        nan,        nan,        nan,        nan,        nan,        nan,        nan,        nan,  1.100e-04,  9.174e+02,  1.100e-04,  9.174e+02,        nan,        nan,        nan,        nan
  9.237e+06, -4.323e-06,  7.966e-05, -1.468e-03, -7.966e-05,        nan,        nan,        nan,        nan,        nan,        nan,        nan,        nan,        nan,        nan,  1.081e-04,  9.214e+02,  1.081e-04,  9.214e+02,        nan,        nan,        nan,        nan
  9.277e+06, -4.248e-06,  7.863e-05, -1.455e-03, -7.863e-05,        nan,        nan,        nan,        nan,        nan,        nan,        nan,        nan,        nan,        nan,  1.062e-04,  9.255e+02,  1.062e-04,  9.255e+02,        nan,        nan,        nan,        nan
  9.317e+06, -4.175e-06,  7.762e-05, -1.443e-03, -7.762e-05,        nan,        nan,        nan,        nan,        nan,        nan,        nan,        nan,        nan,        nan,  1.044e-04,  9.295e+02,  1.044e-04,  9.295e+02,        nan,        nan,        nan,        nan
  9.357e+06, -4.104e-06,  7.662e-05, -1.431e-03, -7.662e-05,        nan,        nan,        nan,        nan,        nan,        nan,        nan,        nan,        nan,        nan,  1.026e-04,  9.335e+02,  1.026e-04,  9.335e+02,        nan,        nan,        nan,        nan
  9.398e+06, -4.034e-06,  7.565e-05, -1.418e-03, -7.565e-05,        nan,        nan,        nan,        nan,        nan,        nan,        nan,        nan,        nan,        nan,  1.009e-04,  9.375e+02,  1.009e-04,  9.375e+02,        nan,        nan,        nan,        nan
  9.438e+06, -3.966e-06,  7.468e-05, -1.406e-03, -7.468e-05,        nan,        nan,        nan,        nan,        nan,        nan,        nan,        nan,        nan,        nan,  9.917e-05,  9.415e+02,  9.917e-05,  9.415e+02,        nan,        nan,        nan,        nan
  9.478e+06, -3.899e-06,  7.374e-05, -1.394e-03, -7.374e-05,        nan,        nan,        nan,        nan,        nan,        nan,        nan,        nan,        nan,        nan,  9.750e-05,  9.455e+02,  9.750e-05,  9.455e+02,        nan,        nan,        nan,        nan
  9.518e+06, -3.834e-06,  7.281e-05, -1.383e-03, -7.281e-05,        nan,        nan,        nan,        nan,        nan,        nan,        nan,        nan,        nan,        nan,  9.586e-05,  9.496e+02,  9.586e-05,  9.496e+02,        nan,        nan,        nan,        nan
  9.558e+06, -3.770e-06,  7.190e-05, -1.371e-03, -7.190e-05,        nan,        nan,        nan,        nan,        nan,        nan,        nan,        nan,        nan,        nan,  9.426e-05,  9.536e+02,  9.426e-05,  9.536e+02,        nan,        nan,        nan,        nan
  9.598e+06, -3.707e-06,  7.100e-05, -1.360e-03, -7.100e-05,        nan,        nan,        nan,        nan,        nan,        nan,        nan,        nan,        nan,        nan,  9.269e-05,  9.576e+02,  9.269e-05,  9.576e+02,        nan,        nan,        nan,        nan
  9.639e+06, -3.646e-06,  7.011e-05, -1.348e-03, -7.011e-05,        nan,        nan,        nan,        nan,        nan,        nan,        nan,        nan,        nan,        nan,  9.116e-05,  9.616e+02,  9.116e-05,  9.616e+02,        nan,        nan,        nan,        nan
  9.679e+06, -3.585e-06,  6.924e-05, -1.337e-03, -6.924e-05,        nan,        nan,        nan,        nan,        nan,        nan,        nan,        nan,        nan,        nan,  8.966e-05,  9.656e+02,  8.966e-05,  9.656e+02,        nan,        nan,        nan,        nan
  9.719e+06, -3.526e-06,  6.839e-05, -1.326e-03, -6.839e-05,        nan,        nan,        nan,        nan,        nan,        nan,        nan,        nan,        nan,        nan,  8.818e-05,  9.697e+02,  8.818e-05,  9.697e+02,        nan,        nan,        nan,        nan
  9.759e+06, -3.469e-06,  6.755e-05, -1.315e-03, -6.755e-05,        nan,        nan,        nan,        nan,        nan,        nan,        nan,        nan,        nan,        nan,  8.674e-05,  9.737e+02,  8.674e-05,  9.737e+02,        nan,        nan,        nan,        nan
  9.799e+06, -3.412e-06,  6.672e-05, -1.305e-03, -6.672e-05,        nan,        nan,        nan,        nan,        nan,        nan,        nan,        nan,        nan,        nan,  8.533e-05,  9.777e+02,  8.533e-05,  9.777e+02,        nan,        nan,        nan,        nan
  9.839e+06, -3.357e-06,  6.591e-05, -1.294e-03, -6.591e-05,        nan,        nan,        nan,        nan,        nan,        nan,        nan,        nan,        nan,        nan,  8.394e-05,  9.817e+02,  8.394e-05,  9.817e+02,        nan,        nan,        nan,        nan
  9.880e+06, -3.303e-06,  6.511e-05, -1.284e-03, -6.511e-05,        nan,        nan,        nan,        nan,        nan,        nan,        nan,        nan,        nan,        nan,  8.259e-05,  9.857e+02,  8.259e-05,  9.857e+02,        nan,        nan,        nan,        nan
  9.920e+06, -3.249e-06,  6.432e-05, -1.273e-03, -6.432e-05,        nan,        nan,        nan,        nan,        nan,        nan,        nan,        nan,        nan,        nan,  8.126e-05,  9.897e+02,  8.126e-05,  9.897e+02,        nan,        nan,        nan,        nan
  9.960e+06, -3.197e-06,  6.354e-05, -1.263e-03, -6.354e-05,        nan,        nan,        nan,        nan,        nan,        nan,        nan,        nan,        nan,        nan,  7.995e-05,  9.938e+02,  7.995e-05,  9.938e+02,        nan,        nan,        nan,        nan
  1.000e+07, -3.146e-06,  6.278e-05, -1.253e-03, -6.278e-05,        nan,        nan,        nan,        nan,        nan,        nan,        nan,        nan,        nan,        nan,  7.868e-05,  9.978e+02,  7.868e-05,  9.978e+02,        nan,        nan,        nan,        nan
